"IT_DATETIME","DS_CODE","DS_NAME","DS_DESC","DS_LAT","DS_LON","DS_ALT","BGN.S","BGN.Q_S"
"20130101_240000_000000","10_N","Hollum","Neerslagstation (8-8)","53.437917","5.638944","1.4","0","0"
"20130101_240000_000000","11_N","West Terschelling","Neerslagstation (8-8)","53.367139","5.217778","7","0","0"
"20130101_240000_000000","12_N","Schiermonnikoog","Neerslagstation (8-8)","53.476806","6.184472","2.2","0","0"
"20130101_240000_000000","15_N","Oost-Vlieland","Neerslagstation (8-8)","53.295139","5.061225","5","0","0"
"20130101_240000_000000","16_N","Petten","Neerslagstation (8-8)","52.762083","4.653861",".4","0","0"
"20130101_240000_000000","17_N","Den Burg","Neerslagstation (8-8)","53.05025","4.803833","2.19","0","0"
"20130101_240000_000000","18_N","Nes (Ameland)","Neerslagstation (8-8)","53.448306","5.794722","2.9","0","0"
"20130101_240000_000000","19_N","De Cocksdorp","Neerslagstation (8-8)","53.15775","4.873306","1.89","0","0"
"20130101_240000_000000","21_N","Callantsoog","Neerslagstation (8-8)","52.838917","4.707111",".9","0","0"
"20130101_240000_000000","22_N","De Koog","Neerslagstation (8-8)","53.097667","4.783889",".76","0","1"
"20130101_240000_000000","24_N","Vlieland","Neerslagstation (8-8)","53.253194","4.940306","4.75","0","1"
"20130101_240000_000000","25_N","De Kooy","Neerslagstation (8-8)","52.901111","4.784972",".42","0","1"
"20130101_240000_000000","26_N","Formerum","Neerslagstation (8-8)","53.389861","5.303889","1.8","0","0"
"20130101_240000_000000","61_N","Skrins","Neerslagstation (8-8)","53.121917","5.648833",".1","0","0"
"20130101_240000_000000","64_N","Sneek","Neerslagstation (8-8)","53.031806","5.639306","-.3","0","0"
"20130101_240000_000000","65_N","Makkum","Neerslagstation (8-8)","53.059278","5.398722","-.42","0","0"
"20130101_240000_000000","66_N","Harlingen","Neerslagstation (8-8)","53.179139","5.420444","3.1","0","1"
"20130101_240000_000000","67_N","Dokkum","Neerslagstation (8-8)","53.318667","5.981722",".9","0","0"
"20130101_240000_000000","68_N","St Anna Parochie","Neerslagstation (8-8)","53.278889","5.663639","1.1","0","0"
"20130101_240000_000000","69_N","Appelscha","Neerslagstation (8-8)","52.959417","6.347","9.24","0","0"
"20130101_240000_000000","70_N","Oudemirdum","Neerslagstation (8-8)","52.861444","5.508611",".82","0","0"
"20130101_240000_000000","73_N","Drachten","Neerslagstation (8-8)","53.118361","6.091917","2.7","0","0"
"20130101_240000_000000","75_N","Oldeholtpade","Neerslagstation (8-8)","52.890806","6.054694",".6","0","0"
"20130101_240000_000000","76_N","Kornwerderzand","Neerslagstation (8-8)","53.337694","5.072472","3.9","0","0"
"20130101_240000_000000","77_N","Kollum","Neerslagstation (8-8)","53.277333","6.140028","1.1","0","0"
"20130101_240000_000000","78_N","Herbayum","Neerslagstation (8-8)","53.182806","5.509306","-.6","0","0"
"20130101_240000_000000","79_N","Heeg","Neerslagstation (8-8)","52.971139","5.606472","-10","0","0"
"20130101_240000_000000","80_N","Stavoren","Neerslagstation (8-8)","52.884528","5.357167","1.3","0","0"
"20130101_240000_000000","81_N","Joure","Neerslagstation (8-8)","52.96625","5.822972",".8","0","1"
"20130101_240000_000000","82_N","Gorredijk","Neerslagstation (8-8)","53.010972","6.034694","-.7","0","0"
"20130101_240000_000000","84_N","Ezumazijl","Neerslagstation (8-8)","53.359083","6.148528",".1","0","0"
"20130101_240000_000000","85_N","Leeuwarden","Neerslagstation (8-8)","53.218667","5.73025",".9","0","0"
"20130101_240000_000000","86_N","Nijbeets","Neerslagstation (8-8)","53.057056","5.993806","-2","0","0"
"20130101_240000_000000","87_N","Bergumerdam","Neerslagstation (8-8)","53.1765","6.010194","1.86","0","4"
"20130101_240000_000000","89_N","Akkrum","Neerslagstation (8-8)","53.056083","5.819833","-.1","0","0"
"20130101_240000_000000","90_N","Eernewoude","Neerslagstation (8-8)","53.149917","5.939361","-1.1","0","1"
"20130101_240000_000000","91_N","Ternaard","Neerslagstation (8-8)","53.377","5.974222","1.68","0","0"
"20130101_240000_000000","134_N","Middelstum","Neerslagstation (8-8)","53.323056","6.613056","-.91","0","0"
"20130101_240000_000000","135_N","Woltersum","Neerslagstation (8-8)","53.271861","6.732111",".2","0","0"
"20130101_240000_000000","136_N","Ezinge","Neerslagstation (8-8)","53.288306","6.447417","-.6","0","0"
"20130101_240000_000000","139_N","Groningen","Neerslagstation (8-8)","53.183083","6.585056","1.96","0","0"
"20130101_240000_000000","140_N","Assen","Neerslagstation (8-8)","53.003944","6.596722","10.7","0","0"
"20130101_240000_000000","141_N","Delfzijl","Neerslagstation (8-8)","53.323222","6.939889","3.4","0","0"
"20130101_240000_000000","142_N","Warffum","Neerslagstation (8-8)","53.395472","6.556472","1.15","0","0"
"20130101_240000_000000","143_N","Finsterwolde","Neerslagstation (8-8)","53.206417","7.100389","2","0","0"
"20130101_240000_000000","144_N","Ter Apel","Neerslagstation (8-8)","52.871639","7.064861","10.84","0","0"
"20130101_240000_000000","145_N","Zoutkamp","Neerslagstation (8-8)","53.331333","6.281444","1.1","0","0"
"20130101_240000_000000","147_N","Veendam","Neerslagstation (8-8)","53.093333","6.864083","1.55","0","0"
"20130101_240000_000000","148_N","Sappemeer","Neerslagstation (8-8)","53.157778","6.738778",".3","0","0"
"20130101_240000_000000","150_N","Uithuizen","Neerslagstation (8-8)","53.408167","6.654167","1.51","0","0"
"20130101_240000_000000","151_N","Roodeschool","Neerslagstation (8-8)","53.417333","6.738806","1.86","0","0"
"20130101_240000_000000","152_N","Gieterveen","Neerslagstation (8-8)","53.030778","6.839194","3.8","0","0"
"20130101_240000_000000","153_N","Winschoten","Neerslagstation (8-8)","53.132778","7.045889","0","0","0"
"20130101_240000_000000","154_N","Eenrum","Neerslagstation (8-8)","53.365333","6.464056",".54","0","0"
"20130101_240000_000000","155_N","Eext","Neerslagstation (8-8)","53.001444","6.740361","17.73","0","0"
"20130101_240000_000000","156_N","Vlagtwedde","Neerslagstation (8-8)","53.033639","7.108722","3.1","0","0"
"20130101_240000_000000","158_N","Onnen","Neerslagstation (8-8)","53.141944","6.651639","2.6","0","0"
"20130101_240000_000000","159_N","Nieuw Buinen","Neerslagstation (8-8)","52.964417","6.948444","6.38","0","0"
"20130101_240000_000000","160_N","Veenhuizen DR","Neerslagstation (8-8)","53.050056","6.393222","8","0","0"
"20130101_240000_000000","161_N","Eelde","Neerslagstation (8-8)","53.122472","6.568833","4.3","0","0"
"20130101_240000_000000","162_N","Niekerk","Neerslagstation (8-8)","53.221","6.344556",".58","0","6"
"20130101_240000_000000","163_N","Roden","Neerslagstation (8-8)","53.155583","6.435389","3.44","0","0"
"20130101_240000_000000","164_N","Zeerijp","Neerslagstation (8-8)","53.348383","6.75625",".1","0","0"
"20130101_240000_000000","166_N","Marum","Neerslagstation (8-8)","53.141083","6.275778","2.3","0","0"
"20130101_240000_000000","171_N","Anjum","Neerslagstation (8-8)","53.384333","6.131333",".6","0","0"
"20130101_240000_000000","172_N","Nieuwolda","Neerslagstation (8-8)","53.246917","7.000444","-.11","0","0"
"20130101_240000_000000","217_N","Heiloo","Neerslagstation (8-8)","52.591611","4.732639","-.29","0","0"
"20130101_240000_000000","221_N","Enkhuizen","Neerslagstation (8-8)","52.707667","5.284639","-1.2","0","0"
"20130101_240000_000000","222_N","Hoorn NH","Neerslagstation (8-8)","52.654278","5.020417","-3.1","0","0"
"20130101_240000_000000","223_N","Schellingwoude","Neerslagstation (8-8)","52.393583","4.99325","-1.2","0","0"
"20130101_240000_000000","224_N","Edam","Neerslagstation (8-8)","52.509472","5.049417","1.4","0","1"
"20130101_240000_000000","225_N","Overveen","Neerslagstation (8-8)","52.395389","4.595167","4.14","0","4"
"20130101_240000_000000","226_N","Wijk aan Zee","Neerslagstation (8-8)","52.473778","4.597222","5.6","0","0"
"20130101_240000_000000","227_N","Anna Paulowna","Neerslagstation (8-8)","52.857694","4.839611","-1.7","0","0"
"20130101_240000_000000","228_N","Schagen","Neerslagstation (8-8)","52.773778","4.813861",".4","0","0"
"20130101_240000_000000","229_N","Zandvoort","Neerslagstation (8-8)","52.347583","4.513472","8.8","0","0"
"20130101_240000_000000","230_N","Zaandijk","Neerslagstation (8-8)","52.481222","4.808861",".8","0","0"
"20130101_240000_000000","233_N","Zaandam  (Hembrug)","Neerslagstation (8-8)","52.436111","4.803083","-1.4","0","0"
"20130101_240000_000000","234_N","Bergen NH","Neerslagstation (8-8)","52.680306","4.686444","9.2","0","0"
"20130101_240000_000000","235_N","Castricum","Neerslagstation (8-8)","52.545056","4.649972","3.74","0","1"
"20130101_240000_000000","236_N","Medemblik","Neerslagstation (8-8)","52.75775","5.104389","-.9","0","0"
"20130101_240000_000000","238_N","De Haukes","Neerslagstation (8-8)","52.878","4.940472","-2.5","0","0"
"20130101_240000_000000","239_N","Den Oever","Neerslagstation (8-8)","52.928678","5.025914","1.35","0","0"
"20130101_240000_000000","240_N","Kreileroord","Neerslagstation (8-8)","52.863861","5.096611","-3.1","0","0"
"20130101_240000_000000","242_N","Purmerend","Neerslagstation (8-8)","52.509694","4.927889","-1.71","0","0"
"20130101_240000_000000","249_N","Hoogkarspel","Neerslagstation (8-8)","52.160444","5.685333","-.67","0","1"
"20130101_240000_000000","251_N","West Beemster","Neerslagstation (8-8)","52.579667","4.901722","-3.1","0","0"
"20130101_240000_000000","252_N","Kolhorn","Neerslagstation (8-8)","52.790722","4.892194","-1.3","0","0"
"20130101_240000_000000","255_N","Obdam (nieuw)","Neerslagstation (8-8)","52.675667","4.875556","-2","0","0"
"20130101_240000_000000","256_N","Marken (nieuw)","Neerslagstation (8-8)","52.456667","5.119556","-.7","0","0"
"20130101_240000_000000","257_N","Hoogwoud","Neerslagstation (8-8)","52.725833","4.960833","-1","0","1"
"20130101_240000_000000","263_N","Assendelft","Neerslagstation (8-8)","52.472278","4.725472","-1.3","0","0"
"20130101_240000_000000","298_N","Steenwijksmoer","Neerslagstation (8-8)","52.677167","6.690944","11.84","0","4"
"20130101_240000_000000","317_N","Marknesse","Neerslagstation (8-8)","52.692306","5.857611","-1.7","0","0"
"20130101_240000_000000","323_N","Laaghalen","Neerslagstation (8-8)","52.9195","6.529194","15.64","0","0"
"20130101_240000_000000","326_N","Frederiksoord","Neerslagstation (8-8)","52.855167","6.173694","36","0","1"
"20130101_240000_000000","327_N","Dwingelo","Neerslagstation (8-8)","52.823056","6.410889","12","0","1"
"20130101_240000_000000","328_N","Heerde","Neerslagstation (8-8)","52.400153","6.034483","12","0","0"
"20130101_240000_000000","329_N","Wapenveld","Neerslagstation (8-8)","52.419778","6.081167","3.5","0","0"
"20130101_240000_000000","330_N","Zwolle","Neerslagstation (8-8)","52.529917","6.140639","1.9","0","0"
"20130101_240000_000000","331_N","Denekamp","Neerslagstation (8-8)","52.380056","7.032694","24.2","0","0"
"20130101_240000_000000","332_N","Hoogeveen","Neerslagstation (8-8)","52.712556","6.467528","11.31","0","0"
"20130101_240000_000000","333_N","Emmen","Neerslagstation (8-8)","52.783472","6.8745","19.19","0","0"
"20130101_240000_000000","335_N","IJsselmuiden","Neerslagstation (8-8)","52.572892","5.954075","-2.4","0","0"
"20130101_240000_000000","336_N","Oldebroek","Neerslagstation (8-8)","52.431167","5.916583","4.4","0","0"
"20130101_240000_000000","337_N","Schoonlo","Neerslagstation (8-8)","52.900778","6.703694","21.12","0","0"
"20130101_240000_000000","338_N","Giethoorn","Neerslagstation (8-8)","52.722056","6.064278","-.12","0","4"
"20130101_240000_000000","339_N","Rheezerveen","Neerslagstation (8-8)","52.562028","6.56075","9.11","0","0"
"20130101_240000_000000","340_N","Heino","Neerslagstation (8-8)","52.438861","6.260806","4","0","0"
"20130101_240000_000000","341_N","Zweelo","Neerslagstation (8-8)","52.786528","6.716111","17.45","0","0"
"20130101_240000_000000","342_N","Vilsteren","Neerslagstation (8-8)","52.512694","6.353639","5.2","0","0"
"20130101_240000_000000","343_N","Schoonebeek","Neerslagstation (8-8)","52.662639","6.854333","12","0","4"
"20130101_240000_000000","344_N","Tollebeek","Neerslagstation (8-8)","52.671444","5.628056","-1.94","0","0"
"20130101_240000_000000","345_N","Vroomshoop","Neerslagstation (8-8)","52.469583","6.569722","8.2","0","0"
"20130101_240000_000000","348_N","Emmeloord","Neerslagstation (8-8)","52.702306","5.766528","-3","0","0"
"20130101_240000_000000","349_N","Klazienaveen","Neerslagstation (8-8)","52.706778","7.003139","17.5","0","0"
"20130101_240000_000000","350_N","Elburg","Neerslagstation (8-8)","52.441417","5.825083",".2","0","0"
"20130101_240000_000000","352_N","Nagele","Neerslagstation (8-8)","52.623722","5.722278","-3.95","0","0"
"20130101_240000_000000","353_N","Blokzijl","Neerslagstation (8-8)","52.728611","5.955278",".6","0","1"
"20130101_240000_000000","354_N","Dedemsvaart","Neerslagstation (8-8)","52.604083","6.463806","6.78","0","0"
"20130101_240000_000000","356_N","Kuinre","Neerslagstation (8-8)","52.784917","5.841528","-.73","0","0"
"20130101_240000_000000","358_N","Rouveen","Neerslagstation (8-8)","52.613639","6.187083",".3","0","0"
"20130101_240000_000000","359_N","Lemmer gemaal Buma","Neerslagstation (8-8)","52.837722","5.713611",".45","0","0"
"20130101_240000_000000","361_N","Tubbergen","Neerslagstation (8-8)","52.400917","6.778639","22.6","0","0"
"20130101_240000_000000","362_N","Ruinerwold","Neerslagstation (8-8)","52.719361","6.24025","1.44","0","0"
"20130101_240000_000000","364_N","Dronten","Neerslagstation (8-8)","52.544583","5.854667","1.4","0","0"
"20130101_240000_000000","365_N","Swifterbant","Neerslagstation (8-8)","52.554722","5.642889","-4.3","0","0"
"20130101_240000_000000","366_N","Biddinghuizen","Neerslagstation (8-8)","52.440722","5.675167","-3.6","0","0"
"20130101_240000_000000","369_N","Lelystad Eendenweg","Neerslagstation (8-8)","52.451583","5.525861","-4.36","0","0"
"20130101_240000_000000","371_N","Zeewolde","Neerslagstation (8-8)","52.38975","5.366167","-4.87","0","0"
"20130101_240000_000000","372_N","Zeewolde Schillinkweg","Neerslagstation (8-8)","52.302861","5.42175","-3.7","0","0"
"20130101_240000_000000","426_N","Zoetermeer","Neerslagstation (8-8)","52.067","4.526","-3.1","0","1"
"20130101_240000_000000","434_N","Groot Ammers","Neerslagstation (8-8)","51.929083","4.832833","-.6","0","0"
"20130101_240000_000000","435_N","Heemstede","Neerslagstation (8-8)","52.333361","4.654722","-4.5","0","0"
"20130101_240000_000000","437_N","Lijnden NH","Neerslagstation (8-8)","52.35075","4.756694","-4.7","0","0"
"20130101_240000_000000","438_N","Hoofddorp","Neerslagstation (8-8)","52.287111","4.664972","-4.3","0","0"
"20130101_240000_000000","439_N","Roelofarendsveen","Neerslagstation (8-8)","52.213194","4.628722","-3.4","0","1"
"20130101_240000_000000","440_N","Scheveningen","Neerslagstation (8-8)","52.118222","4.310361","3.5","0","1"
"20130101_240000_000000","441_N","Amsterdam","Neerslagstation (8-8)","52.3725","4.916639","1","0","0"
"20130101_240000_000000","442_N","Boskoop","Neerslagstation (8-8)","52.083436","4.681617","-1.79","0","0"
"20130101_240000_000000","443_N","Gouda","Neerslagstation (8-8)","52.006111","4.726583","-1.8","0","0"
"20130101_240000_000000","444_N","Katwijk Aan Den Rijn","Neerslagstation (8-8)","52.187194","4.410917","7.3","0","1"
"20130101_240000_000000","446_N","Goedereede","Neerslagstation (8-8)","51.818528","3.972389",".63","0","0"
"20130101_240000_000000","447_N","Den Bommel","Neerslag station (8-8)","51.716583","4.294944",".4","0","1"
"20130101_240000_000000","449_N","Delft","Neerslagstation (8-8)","52.008833","4.369778",".3","0","0"
"20130101_240000_000000","450_N","Numansdorp","Neerslagstation (8-8)","51.743556","4.441417",".5","0","0"
"20130101_240000_000000","453_N","Bergschenhoek","Neerslagstation (8-8)","51.980556","4.492806","-5.9","0","0"
"20130101_240000_000000","454_N","Lisse","Neerslagstation (8-8)","52.242111","4.530667",".15","0","0"
"20130101_240000_000000","455_N","Strijen","Neerslagstation (8-8)","51.762417","4.58325","-1.49","0","0"
"20130101_240000_000000","456_N","Oostvoorne","Neerslagstation (8-8)","51.907917","4.093667","1.1","0","0"
"20130101_240000_000000","458_N","Aalsmeer","Neerslagstation (8-8)","52.263944","4.769056","-4.2","0","0"
"20130101_240000_000000","461_N","Barendrecht","Neerslagstation (8-8)","51.837611","4.535139","-.7","0","1"
"20130101_240000_000000","462_N","Dirksland","Neerslagstation (8-8)","51.749389","4.0885",".64","0","0"
"20130101_240000_000000","463_N","Nieuw Helvoet","Neerslagstation (8-8)","51.836806","4.122278","-.3","0","1"
"20130101_240000_000000","464_N","Brielle","Neerslagstation (8-8)","51.901806","4.155833",".1","0","1"
"20130101_240000_000000","465_N","Oud Alblas","Neerslagstation (8-8)","51.856111","4.692306","-1.33","0","0"
"20130101_240000_000000","467_N","Poortugaal","Neerslagstation (8-8)","51.853944","4.392944",".2","0","0"
"20130101_240000_000000","469_N","Leiden","Neerslagstation (8-8)","52.138194","4.483583","-.2","0","1"
"20130101_240000_000000","470_N","Zegveld","Neerslagstation (8-8)","52.12","4.8425","-3","0","4"
"20130101_240000_000000","471_N","Ouddorp","Neerslagstation (8-8)","51.817056","3.885167","1.36","0","0"
"20130101_240000_000000","473_N","R'dam-Waalhaven","Neerslagstation (8-8)","51.892194","4.423194","4.6","0","1"
"20130101_240000_000000","474_N","Valkenburg","Neerslagstation (8-8)","52.168444","4.43525",".1","0","0"
"20130101_240000_000000","477_N","Hoek van Holland","Neerslagstation (8-8)","51.985194","4.149083","1","0","1"
"20130101_240000_000000","479_N","Maasland","Neerslagstation (8-8)","51.966222","4.254611","-1.7","0","0"
"20130101_240000_000000","480_N","Honselersdijk","Neerslagstation (8-8)","52.002028","4.245056",".2","0","0"
"20130101_240000_000000","481_N","Voorschoten","Neerslagstation (8-8)","52.132111","4.425361","-1","0","1"
"20130101_240000_000000","482_N","Hendrik Ido Ambacht","Neerslagstation (8-8)","51.831111","4.633083","-3.9","0","0"
"20130101_240000_000000","483_N","Krimpen aan de Lek","Neerslagstation (8-8)","51.895389","4.615722","-1.7","0","0"
"20130101_240000_000000","509_N","Doorn","Neerslagstation (8-8)","52.020889","5.337639","4.5","0","0"
"20130101_240000_000000","510_N","Vaassen","Neerslagstation (8-8)","52.279556","5.968917","13.8","0","0"
"20130101_240000_000000","514_N","Epe","Neerslagstation (8-8)","52.3455","5.993583","11.45","0","1"
"20130101_240000_000000","516_N","Harderwijk","Neerslagstation (8-8)","52.382972","5.579528","-3.2","0","0"
"20130101_240000_000000","523_N","Wijk bij Duurstede","Neerslagstation (8-8)","51.988194","5.300139","4","0","0"
"20130101_240000_000000","539_N","Nijmegen","Neerslagstation (8-8)","51.847944","5.889528","9.8","0","0"
"20130101_240000_000000","541_N","Arnhem","Neerslagstation (8-8)","51.996083","5.926778","36.12","0","1"
"20130101_240000_000000","542_N","Putten  (GLD)","Neerslagstation (8-8)","52.235925","5.601981","14.8","0","1"
"20130101_240000_000000","543_N","Apeldoorn","Neerslagstation (8-8)","52.231078","5.957217","16.4","0","1"
"20130101_240000_000000","546_N","Woudenberg","Neerslagstation (8-8)","52.082778","5.457611","4","0","0"
"20130101_240000_000000","547_N","Nijkerk","Neerslagstation (8-8)","52.23925","5.483806",".45","0","0"
"20130101_240000_000000","548_N","Loenen aan de Vecht","Neerslagstation (8-8)","52.193833","5.010972","-.93","0","1"
"20130101_240000_000000","549_N","Culemborg","Neerslagstation (8-8)","51.931222","5.222944",".6","0","0"
"20130101_240000_000000","550_N","De Bilt","Neerslagstation (8-8)","52.097278","5.177472","2","0","1"
"20130101_240000_000000","557_N","Eerbeek","Neerslagstation (8-8)","52.112","6.066833","14.81","0","1"
"20130101_240000_000000","558_N","Lunteren","Neerslagstation (8-8)","52.088069","5.602111","13.2","0","4"
"20130101_240000_000000","559_N","Vleuten","Neerslagstation (8-8)","52.089694","5.001722",".2","0","1"
"20130101_240000_000000","560_N","Amerongen","Neerslagstation (8-8)","51.997139","5.453583","7.88","0","0"
"20130101_240000_000000","561_N","Benschop","Neerslagstation (8-8)","52.001528","4.935111","-1","0","0"
"20130101_240000_000000","562_N","Tiel","Neerslagstation (8-8)","51.930417","5.444167","3.9","0","0"
"20130101_240000_000000","563_N","Weesp","Neerslagstation (8-8)","52.303639","5.03625","-1.5","0","0"
"20130101_240000_000000","564_N","Hulshorst","Neerslagstation (8-8)","52.355322","5.704917","4.3","0","0"
"20130101_240000_000000","565_N","Voorthuizen","Neerslagstation (8-8)","52.180436","5.612708","13.7","0","0"
"20130101_240000_000000","567_N","Kootwijk radio","Neerslagstation (8-8)","52.174167","5.828278","44","0","1"
"20130101_240000_000000","569_N","Heumen","Neerslagstation (8-8)","51.767333","5.840806","10.3","0","0"
"20130101_240000_000000","570_N","Elspeet","Neerslagstation (8-8)","52.296944","5.781917","28.54","0","0"
"20130101_240000_000000","571_N","Harskamp","Neerslagstation (8-8)","52.151167","5.730194","22.48","0","0"
"20130101_240000_000000","572_N","Abcoude","Neerslagstation (8-8)","52.260833","4.979417","-1.7","0","0"
"20130101_240000_000000","573_N","Beekbergen","Neerslagstation (8-8)","52.164111","5.958639","25","0","0"
"20130101_240000_000000","576_N","Spakenburg","Neerslagstation (8-8)","52.249694","5.380222","-.41","0","0"
"20130101_240000_000000","578_N","Oosterbeek","Neerslagstation (8-8)","52.015722","5.827889","37.71","0","0"
"20130101_240000_000000","579_N","Veenendaal","Neerslagstation (8-8)","52.026667","5.589917","6.4","0","1"
"20130101_240000_000000","580_N","Barneveld","Neerslagstation (8-8)","52.14125","5.566583","9.9","0","0"
"20130101_240000_000000","582_N","Hamersveld","Neerslagstation (8-8)","52.146778","5.440111","2.2","0","1"
"20130101_240000_000000","583_N","Wageningen PD","Neerslagstation (8-8)","51.989917","5.654944","8.6","0","1"
"20130101_240000_000000","584_N","Geldermalsen","Neerslagstation (8-8)","51.873722","5.272556","2.8","0","1"
"20130101_240000_000000","588_N","Duiven","Neerslagstation (8-8)","51.953944","6.027611","10.5","0","0"
"20130101_240000_000000","589_N","Zetten","Neerslagstation (8-8)","51.937778","5.705722","7.8","0","1"
"20130101_240000_000000","591_N","Deelen","Neerslagstation (8-8)","52.070278","5.900611","75","0","0"
"20130101_240000_000000","593_N","Laren","Neerslagstation (8-8)","52.246056","5.227278","4.6","0","1"
"20130101_240000_000000","595_N","Soest","Neerslagstation (8-8)","52.161778","5.324333","4.06","0","0"
"20130101_240000_000000","596_N","Eemnes","Neerslagstation (8-8)","52.276111","5.276389","0","0","0"
"20130101_240000_000000","645_N","Hengelo","Neerslagstation (8-8)","52.068833","6.302389","10.7","0","0"
"20130101_240000_000000","663_N","Lochem","Neerslagstation (8-8)","52.154522","6.376578","11.8","0","1"
"20130101_240000_000000","664_N","Almelo","Neerslagstation (8-8)","52.348722","6.669028","12.5","0","1"
"20130101_240000_000000","665_N","Enschede","Neerslagstation (8-8)","52.195444","6.925306","54.5","0","0"
"20130101_240000_000000","666_N","Winterswijk Sibinkweg","Neerslagstation (8-8)","51.9625","6.679222","28.8","0","0"
"20130101_240000_000000","667_N","Doetinchem","Neerslagstation (8-8)","51.991528","6.288111","11","0","0"
"20130101_240000_000000","668_N","Hengelo (O)","Neerslagstation (8-8)","52.267361","6.760528","15.4","0","1"
"20130101_240000_000000","669_N","Borculo","Neerslagstation (8-8)","52.092308","6.532753","16.95","0","0"
"20130101_240000_000000","670_N","Twenthe","Neerslagstation (8-8)","52.256417","6.909611","43.09","0","0"
"20130101_240000_000000","672_N","Hellendoorn","Neerslagstation (8-8)","52.388139","6.450306","10","0","1"
"20130101_240000_000000","673_N","Gendringen","Neerslagstation (8-8)","51.867583","6.366472","15.4","0","0"
"20130101_240000_000000","674_N","Rekken","Neerslagstation (8-8)","52.093389","6.723972","25.8","0","0"
"20130101_240000_000000","675_N","Weerselo","Neerslagstation (8-8)","52.353639","6.867167","19.4","0","0"
"20130101_240000_000000","678_N","Almen","Neerslagstation (8-8)","52.156889","6.31425","10.1","0","0"
"20130101_240000_000000","679_N","Herwen","Neerslagstation (8-8)","51.880306","6.101028","12.7","0","0"
"20130101_240000_000000","680_N","Aalten","Neerslagstation (8-8)","51.912283","6.568892","23.39","0","1"
"20130101_240000_000000","681_N","Lettele","Neerslagstation (8-8)","52.271889","6.273444","8.1","0","0"
"20130101_240000_000000","682_N","Markelo","Neerslagstation (8-8)","52.241444","6.487778","16.9","0","1"
"20130101_240000_000000","683_N","Lichtenvoorde","Neerslagstation (8-8)","51.998139","6.561528","19.5","0","1"
"20130101_240000_000000","684_N","Lievelde","Neerslagstation (8-8)","52.005722","6.641972","30.72","0","0"
"20130101_240000_000000","686_N","Woold","Neerslagstation (8-8)","51.919944","6.738222","48.5","0","0"
"20130101_240000_000000","687_N","Holten","Neerslagstation (8-8)","52.309833","6.461611","21.6","0","0"
"20130101_240000_000000","688_N","Hupsel","Neerslagstation (8-8)","52.067222","6.639417","26.53","0","0"
"20130101_240000_000000","689_N","Deventer","Neerslagstation (8-8)","52.257111","6.217167","6.75","0","0"
"20130101_240000_000000","705_N","Breskens","Neerslagstation (8-8)","51.396556","3.545667","1.74","0","1"
"20130101_240000_000000","733_N","Ritthem","Neerslagstation (8-8)","51.459444","3.6125","7","0","0"
"20130101_240000_000000","735_N","Kapelle","Neerslagstation (8-8)","51.482194","3.949444","3.31","0","0"
"20130101_240000_000000","736_N","Brouwershaven","Neerslagstation (8-8)","51.73425","3.8835","-1.3","0","0"
"20130101_240000_000000","737_N","Kerkwerve","Neerslagstation (8-8)","51.67975","3.856972","-1.5","0","0"
"20130101_240000_000000","738_N","Biervliet","Neerslagstation (8-8)","51.331889","3.688167","2.1","0","0"
"20130101_240000_000000","740_N","St Kruis","Neerslagstation (8-8)","51.272889","3.496056","1.93","0","0"
"20130101_240000_000000","741_N","Stavenisse","Neerslagstation (8-8)","51.590417","4.020722","1.6","0","0"
"20130101_240000_000000","742_N","Terneuzen","Neerslagstation (8-8)","51.305639","3.862222","1.84","0","1"
"20130101_240000_000000","743_N","Noordgouwe","Neerslagstation (8-8)","51.698833","3.965222","-.8","0","0"
"20130101_240000_000000","744_N","Anna Jacoba Polder","Neerslagstation (8-8)","51.639861","4.123944","1","0","0"
"20130101_240000_000000","746_N","Westkapelle","Neerslagstation (8-8)","51.533028","3.442306","3.04","0","0"
"20130101_240000_000000","747_N","Krabbendijke","Neerslagstation (8-8)","51.442417","4.095472","1.8","0","0"
"20130101_240000_000000","749_N","Wilhelminadorp","Neerslagstation (8-8)","51.530306","3.893917","1.8","0","0"
"20130101_240000_000000","750_N","Rilland","Neerslagstation (8-8)","51.422444","4.179972","1.3","0","0"
"20130101_240000_000000","751_N","Vrouwenpolder","Neerslagstation (8-8)","51.587056","3.58375","16.2","0","0"
"20130101_240000_000000","752_N","Haamstede","Neerslagstation (8-8)","51.675694","3.711611","4.34","0","0"
"20130101_240000_000000","754_N","Ovezande","Neerslagstation (8-8)","51.425583","3.820194","1.1","0","0"
"20130101_240000_000000","755_N","Kortgene","Neerslagstation (8-8)","51.563694","3.821444",".53","0","0"
"20130101_240000_000000","756_N","Middelburg","Neerslagstation (8-8)","51.481083","3.591417","-1","0","6"
"20130101_240000_000000","757_N","Tholen","Neerslagstation (8-8)","51.529278","4.218694","-1.36","0","0"
"20130101_240000_000000","758_N","Wolphaartsdijk","Neerslagstation (8-8)","51.529472","3.755778",".6","0","0"
"20130101_240000_000000","760_N","'S Heerenhoek","Neerslagstation (8-8)","51.471611","3.770389","1.2","0","0"
"20130101_240000_000000","761_N","Philippine","Neerslagstation (8-8)","51.2945","3.749861","1.95","0","0"
"20130101_240000_000000","762_N","Schoondijke","Neerslagstation (8-8)","51.359111","3.550917","1.89","0","0"
"20130101_240000_000000","763_N","Cadzand","Neerslagstation (8-8)","51.355917","3.413722","1.04","0","0"
"20130101_240000_000000","764_N","Kloosterzande","Neerslagstation (8-8)","51.382333","4.028417","1.28","0","0"
"20130101_240000_000000","767_N","Kapellebrug","Neerslagstation (8-8)","51.25425","4.042389","2.53","0","0"
"20130101_240000_000000","770_N","Westdorpe","Neerslagstation (8-8)","51.218389","3.862611","2","0","0"
"20130101_240000_000000","827_N","Tilburg","Neerslagstation (8-8)","51.562333","5.126389","11.1","0","0"
"20130101_240000_000000","828_N","Oudenbosch","Neerslagstation (8-8)","51.575222","4.526389","2.2","0","0"
"20130101_240000_000000","829_N","Zundert","Neerslagstation (8-8)","51.471389","4.674861","7.6","0","0"
"20130101_240000_000000","830_N","Herwijnen","Neerslagstation (8-8)","51.825389","5.136472","1.1","0","0"
"20130101_240000_000000","831_N","Esbeek","Neerslagstation (8-8)","51.456194","5.127528","22.53","0","1"
"20130101_240000_000000","832_N","Bergen op Zoom","Neerslagstation (8-8)","51.50675","4.250528","4.36","0","1"
"20130101_240000_000000","833_N","Oosterhout","Neerslagstation (8-8)","51.641389","4.872028","4.7","0","0"
"20130101_240000_000000","834_N","Chaam","Neerslagstation (8-8)","51.50725","4.871","11.8","0","0"
"20130101_240000_000000","835_N","Andel","Neerslagstation (8-8)","51.783006","5.055444","1.4","0","0"
"20130101_240000_000000","836_N","Gorinchem","Neerslagstation (8-8)","51.844194","4.984",".9","0","0"
"20130101_240000_000000","837_N","Steenbergen (NB)","Neerslagstation (8-8)","51.592694","4.354889","-.2","0","0"
"20130101_240000_000000","838_N","Ginneken","Neerslagstation (8-8)","51.550028","4.733667","5.8","0","0"
"20130101_240000_000000","839_N","Hoogerheide","Neerslagstation (8-8)","51.427639","4.289944","1.17","0","0"
"20130101_240000_000000","840_N","Nieuwendijk (NB)","Neerslagstation (8-8)","51.765706","4.919892","-.5","0","0"
"20130101_240000_000000","841_N","Klundert","Neerslagstation (8-8)","51.665","4.525333","1","0","1"
"20130101_240000_000000","843_N","Gilze-Rijen","Neerslagstation (8-8)","51.556528","4.925056","14.3","0","0"
"20130101_240000_000000","844_N","Capelle NB","Neerslag station (8-8)","51.677861","4.983194","1","0","6"
"20130101_240000_000000","883_N","Sevenum","Neerslagstation (8-8)","51.394056","6.006361","30","0","0"
"20130101_240000_000000","892_N","Giersbergen","Neerslagstation (8-8)","51.657361","5.149583","6.6","0","4"
"20130101_240000_000000","896_N","Helmond","Neerslagstation (8-8)","51.461694","5.597417","17.82","0","0"
"20130101_240000_000000","897_N","Venlo","Neerslagstation (8-8)","51.337806","6.184528","45.47","0","0"
"20130101_240000_000000","899_N","Gemert","Neerslagstation (8-8)","51.550361","5.681444","15","0","0"
"20130101_240000_000000","901_N","Nuland","Neerslagstation (8-8)","51.726167","5.433361","4.8","0","0"
"20130101_240000_000000","903_N","Megen","Neerslagstation (8-8)","51.823667","5.563083","5.9","0","0"
"20130101_240000_000000","904_N","Someren","Neerslagstation (8-8)","51.398222","5.691222","24.8","0","0"
"20130101_240000_000000","905_N","St Anthonis","Neerslagstation (8-8)","51.628472","5.918833","15.32","0","1"
"20130101_240000_000000","906_N","Oirschot","Neerslagstation (8-8)","51.516167","5.322333","13.7","0","0"
"20130101_240000_000000","907_N","Boxtel","Neerslagstation (8-8)","51.581167","5.333","7.9","0","1"
"20130101_240000_000000","908_N","Deurne","Neerslagstation (8-8)","51.443306","5.770306","23.85","0","0"
"20130101_240000_000000","909_N","Mill","Neerslagstation (8-8)","51.676972","5.794639","15.63","0","0"
"20130101_240000_000000","910_N","Ammerzoden","Neerslagstation (8-8)","51.746475","5.214456","3.2","0","0"
"20130101_240000_000000","911_N","Dinther","Neerslagstation (8-8)","51.636167","5.496722","7.5","0","0"
"20130101_240000_000000","912_N","Leende","Neerslagstation (8-8)","51.33","5.534222","25.5","0","0"
"20130101_240000_000000","913_N","IJsselsteyn (L)","Neerslagstation (8-8)","51.489944","5.889306","30.5","0","0"
"20130101_240000_000000","914_N","Oss","Neerslagstation (8-8)","51.763806","5.536778","4.1","0","1"
"20130101_240000_000000","915_N","Eersel","Neerslagstation (8-8)","51.36375","5.261333","29.2","0","0"
"20130101_240000_000000","917_N","Zaltbommel","Neerslagstation (8-8)","51.810219","5.240028","2.9","0","0"
"20130101_240000_000000","918_N","Maarheeze","Neerslagstation (8-8)","51.307944","5.605861","28","0","0"
"20130101_240000_000000","919_N","Eindhoven vliegbasis","Neerslagstation (8-8)","51.459306","5.342639","20.5","0","0"
"20130101_240000_000000","920_N","Volkel","Neerslagstation (8-8)","51.642333","5.697306","21.5","0","0"
"20130101_240000_000000","921_N","Venray","Neerslagstation (8-8)","51.514694","5.994194","22.72","0","0"
"20130101_240000_000000","922_N","Siebengewald","Neerslag station (8-8)","51.654694","6.090361","15.73","0","0"
"20130101_240000_000000","923_N","Arcen","Neerslagstation (8-8)","51.483944","6.191722","19.01","0","0"
"20130101_240000_000000","926_N","Waalre","Neerslagstation (8-8)","51.368083","5.437889","21.39","0","4"
"20130101_240000_000000","961_N","Roermond","Neerslagstation (8-8)","51.183417","5.963972","20.14","0","0"
"20130101_240000_000000","962_N","Ubachsberg","Neerslagstation (8-8)","50.852333","5.914194","171.9","0","0"
"20130101_240000_000000","963_N","Valkenburg (L)","Neerslagstation (8-8)","50.855722","5.840028","79","0","0"
"20130101_240000_000000","964_N","Weert","Neerslagstation (8-8)","51.277028","5.70825","31.81","0","0"
"20130101_240000_000000","965_N","Schaesberg","Neerslagstation (8-8)","50.891528","6.013944","147.84","0","0"
"20130101_240000_000000","966_N","Schinnen","Neerslagstation (8-8)","50.934972","5.869278","82.17","0","0"
"20130101_240000_000000","967_N","Heibloem","Neerslagstation (8-8)","51.29925","5.896028","30.43","0","0"
"20130101_240000_000000","968_N","Vaals","Neerslagstation (8-8)","50.776167","5.977611","199.03","0","0"
"20130101_240000_000000","969_N","Stein (L)","Neerslagstation (8-8)","50.958556","5.73625","38.5","0","0"
"20130101_240000_000000","970_N","Stramproy","Neerslagstation (8-8)","51.188083","5.717972","31.77","0","0"
"20130101_240000_000000","971_N","Noorbeek","Neerslagstation (8-8)","50.770222","5.80875","132.16","0","0"
"20130101_240000_000000","973_N","Beek","Neerslagstation (8-8)","50.926139","5.808778","113.9","0","0"
"20130101_240000_000000","974_N","Buchten","Neerslagstation (8-8)","51.043111","5.807583","33.58","0","0"
"20130101_240000_000000","977_N","Reuver","Neerslagstation (8-8)","51.277167","6.063861","25.5","0","0"
"20130101_240000_000000","979_N","Echt","Neerslagstation (8-8)","51.081556","5.908694","33.11","0","1"
"20130101_240000_000000","980_N","Epen (nieuw) (L)","Neerslagstation (8-8)","50.762806","5.905306","153.94","0","0"
"20130101_240000_000000","981_N","Oost Maarland","Neerslagstation (8-8)","50.797306","5.710139","49.93","0","1"
"20130101_240000_000000","982_N","Schinveld","Neerslagstation (8-8)","50.978361","5.978528","54.47","0","0"
